ticker,company_name,cik,form_type,filing_date,period_end,accession_number,filing_url
AAPL,Apple Inc.,0000320193,10-K,2023-11-03,2023-09-30,0000320193-23-000106,https://www.sec.gov/Archives/edgar/data/320193/000032019323000106/aapl-20230930.htm
AAPL,Apple Inc.,0000320193,10-Q,2023-08-04,2023-07-01,0000320193-23-000077,https://www.sec.gov/Archives/edgar/data/320193/000032019323000077/aapl-20230701.htm
AAPL,Apple Inc.,0000320193,10-Q,2023-05-05,2023-04-01,0000320193-23-000064,https://www.sec.gov/Archives/edgar/data/320193/000032019323000064/aapl-20230401.htm
AAPL,Apple Inc.,0000320193,10-Q,2023-02-03,2022-12-31,0000320193-23-000006,https://www.sec.gov/Archives/edgar/data/320193/000032019323000006/aapl-20221231.htm
AAPL,Apple Inc.,0000320193,10-K,2022-10-28,2022-09-24,0000320193-22-000108,https://www.sec.gov/Archives/edgar/data/320193/000032019322000108/aapl-20220924.htm
AAPL,Apple Inc.,0000320193,10-Q,2022-07-29,2022-06-25,0000320193-22-000070,https://www.sec.gov/Archives/edgar/data/320193/000032019322000070/aapl-20220625.htm
AAPL,Apple Inc.,0000320193,10-Q,2022-04-29,2022-03-26,0000320193-22-000059,https://www.sec.gov/Archives/edgar/data/320193/000032019322000059/aapl-20220326.htm
AAPL,Apple Inc.,0000320193,10-Q,2022-01-28,2021-12-25,0000320193-22-000007,https://www.sec.gov/Archives/edgar/data/320193/000032019322000007/aapl-20211225.htm
AAPL,Apple Inc.,0000320193,10-K,2021-10-29,2021-09-25,0000320193-21-000105,https://www.sec.gov/Archives/edgar/data/320193/000032019321000105/aapl-20210925.htm
AAPL,Apple Inc.,0000320193,10-Q,2021-07-28,2021-06-26,0000320193-21-000065,https://www.sec.gov/Archives/edgar/data/320193/000032019321000065/aapl-20210626.htm
AAPL,Apple Inc.,0000320193,10-Q,2021-04-29,2021-03-27,0000320193-21-000056,https://www.sec.gov/Archives/edgar/data/320193/000032019321000056/aapl-20210327.htm
AAPL,Apple Inc.,0000320193,10-Q,2021-01-28,2020-12-26,0000320193-21-000010,https://www.sec.gov/Archives/edgar/data/320193/000032019321000010/aapl-20201226.htm
AAPL,Apple Inc.,0000320193,10-K,2020-10-30,2020-09-26,0000320193-20-000096,https://www.sec.gov/Archives/edgar/data/320193/000032019320000096/aapl-20200926.htm
AAPL,Apple Inc.,0000320193,10-Q,2020-07-31,2020-06-27,0000320193-20-000062,https://www.sec.gov/Archives/edgar/data/320193/000032019320000062/aapl-20200627.htm
AAPL,Apple Inc.,0000320193,10-Q,2020-05-01,2020-03-28,0000320193-20-000052,https://www.sec.gov/Archives/edgar/data/320193/000032019320000052/a10-qq220203282020.htm
AAPL,Apple Inc.,0000320193,10-Q,2020-01-29,2019-12-28,0000320193-20-000010,https://www.sec.gov/Archives/edgar/data/320193/000032019320000010/a10-qq1202012282019.htm
AAPL,Apple Inc.,0000320193,10-K,2019-10-31,2019-09-28,0000320193-19-000119,https://www.sec.gov/Archives/edgar/data/320193/000032019319000119/a10-k20199282019.htm
AAPL,Apple Inc.,0000320193,10-Q,2019-07-31,2019-06-29,0000320193-19-000076,https://www.sec.gov/Archives/edgar/data/320193/000032019319000076/a10-qq320196292019.htm
AAPL,Apple Inc.,0000320193,10-Q,2019-05-01,2019-03-30,0000320193-19-000066,https://www.sec.gov/Archives/edgar/data/320193/000032019319000066/a10-qq220193302019.htm
AAPL,Apple Inc.,0000320193,10-Q,2019-01-30,2018-12-29,0000320193-19-000010,https://www.sec.gov/Archives/edgar/data/320193/000032019319000010/a10-qq1201912292018.htm
AAPL,Apple Inc.,0000320193,10-K,2018-11-05,2018-09-29,0000320193-18-000145,https://www.sec.gov/Archives/edgar/data/320193/000032019318000145/a10-k20189292018.htm
AAPL,Apple Inc.,0000320193,10-Q,2018-08-01,2018-06-30,0000320193-18-000100,https://www.sec.gov/Archives/edgar/data/320193/000032019318000100/a10-qq320186302018.htm
AAPL,Apple Inc.,0000320193,10-Q,2018-05-02,2018-03-31,0000320193-18-000070,https://www.sec.gov/Archives/edgar/data/320193/000032019318000070/a10-qq220183312018.htm
AAPL,Apple Inc.,0000320193,10-Q,2018-02-02,2017-12-30,0000320193-18-000007,https://www.sec.gov/Archives/edgar/data/320193/000032019318000007/a10-qq1201812302017.htm
AAPL,Apple Inc.,0000320193,10-K,2017-11-03,2017-09-30,0000320193-17-000070,https://www.sec.gov/Archives/edgar/data/320193/000032019317000070/a10-k20179302017.htm
AAPL,Apple Inc.,0000320193,10-Q,2017-08-02,2017-07-01,0000320193-17-000009,https://www.sec.gov/Archives/edgar/data/320193/000032019317000009/a10-qq32017712017.htm
AAPL,Apple Inc.,0000320193,10-Q,2017-05-03,2017-04-01,0001628280-17-004790,https://www.sec.gov/Archives/edgar/data/320193/000162828017004790/a10-qq22017412017.htm
AAPL,Apple Inc.,0000320193,10-Q,2017-02-01,2016-12-31,0001628280-17-000717,https://www.sec.gov/Archives/edgar/data/320193/000162828017000717/a10-qq1201712312016.htm
AAPL,Apple Inc.,0000320193,10-K,2016-10-26,2016-09-24,0001628280-16-020309,https://www.sec.gov/Archives/edgar/data/320193/000162828016020309/a201610-k9242016.htm
AAPL,Apple Inc.,0000320193,10-Q,2016-07-27,2016-06-25,0001628280-16-017809,https://www.sec.gov/Archives/edgar/data/320193/000162828016017809/a10-qq320166252016.htm
AAPL,Apple Inc.,0000320193,10-Q,2016-04-27,2016-03-26,0001193125-16-559625,https://www.sec.gov/Archives/edgar/data/320193/000119312516559625/d165350d10q.htm
AAPL,Apple Inc.,0000320193,10-Q,2016-01-27,2015-12-26,0001193125-16-439878,https://www.sec.gov/Archives/edgar/data/320193/000119312516439878/d66145d10q.htm
AAPL,Apple Inc.,0000320193,10-K,2015-10-28,2015-09-26,0001193125-15-356351,https://www.sec.gov/Archives/edgar/data/320193/000119312515356351/d17062d10k.htm
AAPL,Apple Inc.,0000320193,10-Q,2015-07-22,2015-06-27,0001193125-15-259935,https://www.sec.gov/Archives/edgar/data/320193/000119312515259935/d927922d10q.htm
AAPL,Apple Inc.,0000320193,10-Q,2015-04-28,2015-03-28,0001193125-15-153166,https://www.sec.gov/Archives/edgar/data/320193/000119312515153166/d892246d10q.htm
MSFT,Microsoft Corp.,0000789019,10-Q,2024-01-30,2023-12-31,0000950170-24-008814,https://www.sec.gov/Archives/edgar/data/789019/000095017024008814/msft-20231231.htm
MSFT,Microsoft Corp.,0000789019,10-Q,2023-10-24,2023-09-30,0000950170-23-054855,https://www.sec.gov/Archives/edgar/data/789019/000095017023054855/msft-20230930.htm
MSFT,Microsoft Corp.,0000789019,10-K,2023-07-27,2023-06-30,0000950170-23-035122,https://www.sec.gov/Archives/edgar/data/789019/000095017023035122/msft-20230630.htm
MSFT,Microsoft Corp.,0000789019,10-Q,2023-04-25,2023-03-31,0000950170-23-014423,https://www.sec.gov/Archives/edgar/data/789019/000095017023014423/msft-20230331.htm
MSFT,Microsoft Corp.,0000789019,10-Q,2023-01-24,2022-12-31,0001564590-23-000733,https://www.sec.gov/Archives/edgar/data/789019/000156459023000733/msft-10q_20221231.htm
MSFT,Microsoft Corp.,0000789019,10-Q,2022-10-25,2022-09-30,0001564590-22-035087,https://www.sec.gov/Archives/edgar/data/789019/000156459022035087/msft-10q_20220930.htm
MSFT,Microsoft Corp.,0000789019,10-K,2022-07-28,2022-06-30,0001564590-22-026876,https://www.sec.gov/Archives/edgar/data/789019/000156459022026876/msft-10k_20220630.htm
MSFT,Microsoft Corp.,0000789019,10-Q,2022-04-26,2022-03-31,0001564590-22-015675,https://www.sec.gov/Archives/edgar/data/789019/000156459022015675/msft-10q_20220331.htm
MSFT,Microsoft Corp.,0000789019,10-Q,2022-01-25,2021-12-31,0001564590-22-002324,https://www.sec.gov/Archives/edgar/data/789019/000156459022002324/msft-10q_20211231.htm
MSFT,Microsoft Corp.,0000789019,10-Q,2021-10-26,2021-09-30,0001564590-21-051992,https://www.sec.gov/Archives/edgar/data/789019/000156459021051992/msft-10q_20210930.htm
MSFT,Microsoft Corp.,0000789019,10-K,2021-07-29,2021-06-30,0001564590-21-039151,https://www.sec.gov/Archives/edgar/data/789019/000156459021039151/msft-10k_20210630.htm
MSFT,Microsoft Corp.,0000789019,10-Q,2021-04-27,2021-03-31,0001564590-21-020891,https://www.sec.gov/Archives/edgar/data/789019/000156459021020891/msft-10q_20210331.htm
MSFT,Microsoft Corp.,0000789019,10-Q,2021-01-26,2020-12-31,0001564590-21-002316,https://www.sec.gov/Archives/edgar/data/789019/000156459021002316/msft-10q_20201231.htm
MSFT,Microsoft Corp.,0000789019,10-Q,2020-10-27,2020-09-30,0001564590-20-047996,https://www.sec.gov/Archives/edgar/data/789019/000156459020047996/msft-10q_20200930.htm
MSFT,Microsoft Corp.,0000789019,10-K,2020-07-30,2020-06-30,0001564590-20-034944,https://www.sec.gov/Archives/edgar/data/789019/000156459020034944/msft-10k_20200630.htm
MSFT,Microsoft Corp.,0000789019,10-Q,2020-04-29,2020-03-31,0001564590-20-019706,https://www.sec.gov/Archives/edgar/data/789019/000156459020019706/msft-10q_20200331.htm
MSFT,Microsoft Corp.,0000789019,10-Q,2020-01-29,2019-12-31,0001564590-20-002450,https://www.sec.gov/Archives/edgar/data/789019/000156459020002450/msft-10q_20191231.htm
NVDA,NVIDIA Corp.,0001045810,10-Q,2023-11-21,2023-10-29,0001045810-23-000227,https://www.sec.gov/Archives/edgar/data/1045810/000104581023000227/nvda-20231029.htm
NVDA,NVIDIA Corp.,0001045810,10-Q,2023-08-28,2023-07-30,0001045810-23-000175,https://www.sec.gov/Archives/edgar/data/1045810/000104581023000175/nvda-20230730.htm
NVDA,NVIDIA Corp.,0001045810,10-Q,2023-05-26,2023-04-30,0001045810-23-000093,https://www.sec.gov/Archives/edgar/data/1045810/000104581023000093/nvda-20230430.htm
NVDA,NVIDIA Corp.,0001045810,10-K,2023-02-24,2023-01-29,0001045810-23-000017,https://www.sec.gov/Archives/edgar/data/1045810/000104581023000017/nvda-20230129.htm
NVDA,NVIDIA Corp.,0001045810,10-Q,2022-11-18,2022-10-30,0001045810-22-000166,https://www.sec.gov/Archives/edgar/data/1045810/000104581022000166/nvda-20221030.htm
NVDA,NVIDIA Corp.,0001045810,10-Q,2022-08-31,2022-07-31,0001045810-22-000147,https://www.sec.gov/Archives/edgar/data/1045810/000104581022000147/nvda-20220731.htm
NVDA,NVIDIA Corp.,0001045810,10-Q,2022-05-27,2022-05-01,0001045810-22-000079,https://www.sec.gov/Archives/edgar/data/1045810/000104581022000079/nvda-20220501.htm
NVDA,NVIDIA Corp.,0001045810,10-K,2022-03-18,2022-01-30,0001045810-22-000036,https://www.sec.gov/Archives/edgar/data/1045810/000104581022000036/nvda-20220130.htm
NVDA,NVIDIA Corp.,0001045810,10-Q,2021-11-22,2021-10-31,0001045810-21-000163,https://www.sec.gov/Archives/edgar/data/1045810/000104581021000163/nvda-20211031.htm
NVDA,NVIDIA Corp.,0001045810,10-Q,2021-08-20,2021-08-01,0001045810-21-000131,https://www.sec.gov/Archives/edgar/data/1045810/000104581021000131/nvda-20210801.htm
NVDA,NVIDIA Corp.,0001045810,10-Q,2021-05-26,2021-05-02,0001045810-21-000064,https://www.sec.gov/Archives/edgar/data/1045810/000104581021000064/nvda-20210502.htm
NVDA,NVIDIA Corp.,0001045810,10-K,2021-02-26,2021-01-31,0001045810-21-000010,https://www.sec.gov/Archives/edgar/data/1045810/000104581021000010/nvda-20210131.htm
NVDA,NVIDIA Corp.,0001045810,10-Q,2020-11-18,2020-10-25,0001045810-20-000189,https://www.sec.gov/Archives/edgar/data/1045810/000104581020000189/nvda-20201025.htm
NVDA,NVIDIA Corp.,0001045810,10-Q,2020-08-19,2020-07-26,0001045810-20-000147,https://www.sec.gov/Archives/edgar/data/1045810/000104581020000147/nvda-20200726.htm
NVDA,NVIDIA Corp.,0001045810,10-Q,2020-05-21,2020-04-26,0001045810-20-000065,https://www.sec.gov/Archives/edgar/data/1045810/000104581020000065/nvda-20200426.htm
AMD,Advanced Micro Devices Inc.,0000002488,10-K,2024-01-31,2023-12-30,0000002488-24-000012,https://www.sec.gov/Archives/edgar/data/2488/000000248824000012/amd-20231230.htm
AMD,Advanced Micro Devices Inc.,0000002488,10-Q,2023-11-01,2023-09-30,0000002488-23-000195,https://www.sec.gov/Archives/edgar/data/2488/000000248823000195/amd-20230930.htm
AMD,Advanced Micro Devices Inc.,0000002488,10-Q,2023-08-02,2023-07-01,0000002488-23-000139,https://www.sec.gov/Archives/edgar/data/2488/000000248823000139/amd-20230701.htm
AMD,Advanced Micro Devices Inc.,0000002488,10-Q,2023-05-03,2023-04-01,0000002488-23-000076,https://www.sec.gov/Archives/edgar/data/2488/000000248823000076/amd-20230401.htm
AMD,Advanced Micro Devices Inc.,0000002488,10-K,2023-02-27,2022-12-31,0000002488-23-000047,https://www.sec.gov/Archives/edgar/data/2488/000000248823000047/amd-20221231.htm
AMD,Advanced Micro Devices Inc.,0000002488,10-Q,2022-11-02,2022-09-24,0000002488-22-000170,https://www.sec.gov/Archives/edgar/data/2488/000000248822000170/amd-20220924.htm
AMD,Advanced Micro Devices Inc.,0000002488,10-Q,2022-08-03,2022-06-25,0000002488-22-000123,https://www.sec.gov/Archives/edgar/data/2488/000000248822000123/amd-20220625.htm
AMD,Advanced Micro Devices Inc.,0000002488,10-Q,2022-05-04,2022-03-26,0000002488-22-000078,https://www.sec.gov/Archives/edgar/data/2488/000000248822000078/amd-20220326.htm
AMD,Advanced Micro Devices Inc.,0000002488,10-K,2022-02-03,2021-12-25,0000002488-22-000016,https://www.sec.gov/Archives/edgar/data/2488/000000248822000016/amd-20211225.htm
AMD,Advanced Micro Devices Inc.,0000002488,10-Q,2021-10-27,2021-09-25,0000002488-21-000178,https://www.sec.gov/Archives/edgar/data/2488/000000248821000178/amd-20210925.htm
AMD,Advanced Micro Devices Inc.,0000002488,10-Q,2021-07-28,2021-06-26,0000002488-21-000116,https://www.sec.gov/Archives/edgar/data/2488/000000248821000116/amd-20210626.htm
AMD,Advanced Micro Devices Inc.,0000002488,10-Q,2021-04-28,2021-03-27,0000002488-21-000056,https://www.sec.gov/Archives/edgar/data/2488/000000248821000056/amd-20210327.htm
AMD,Advanced Micro Devices Inc.,0000002488,10-K,2021-01-29,2020-12-26,0001628280-21-001185,https://www.sec.gov/Archives/edgar/data/2488/000162828021001185/amd-20201226.htm
AMD,Advanced Micro Devices Inc.,0000002488,10-Q,2020-10-28,2020-09-26,0000002488-20-000164,https://www.sec.gov/Archives/edgar/data/2488/000000248820000164/amd-20200926.htm
AMD,Advanced Micro Devices Inc.,0000002488,10-Q,2020-07-29,2020-06-27,0000002488-20-000103,https://www.sec.gov/Archives/edgar/data/2488/000000248820000103/amd-20200627.htm
AMD,Advanced Micro Devices Inc.,0000002488,10-Q,2020-04-29,2020-03-28,0000002488-20-000051,https://www.sec.gov/Archives/edgar/data/2488/000000248820000051/amdq1fy2010q.htm
AMD,Advanced Micro Devices Inc.,0000002488,10-K,2020-02-04,2019-12-28,0000002488-20-000008,https://www.sec.gov/Archives/edgar/data/2488/000000248820000008/amdform10-kfy2019.htm
AMD,Advanced Micro Devices Inc.,0000002488,10-Q,2019-10-30,2019-09-28,0000002488-19-000159,https://www.sec.gov/Archives/edgar/data/2488/000000248819000159/amd0928201910q.htm
AMD,Advanced Micro Devices Inc.,0000002488,10-Q,2019-07-31,2019-06-29,0000002488-19-000104,https://www.sec.gov/Archives/edgar/data/2488/000000248819000104/amd0629201910q.htm
AMD,Advanced Micro Devices Inc.,0000002488,10-Q,2019-05-01,2019-03-30,0000002488-19-000045,https://www.sec.gov/Archives/edgar/data/2488/000000248819000045/amd0330201910q.htm
AMD,Advanced Micro Devices Inc.,0000002488,10-K,2019-02-08,2018-12-29,0000002488-19-000011,https://www.sec.gov/Archives/edgar/data/2488/000000248819000011/amd-12292018x10k.htm
AMD,Advanced Micro Devices Inc.,0000002488,10-Q,2018-10-31,2018-09-29,0000002488-18-000189,https://www.sec.gov/Archives/edgar/data/2488/000000248818000189/amd0929201810q.htm
AMD,Advanced Micro Devices Inc.,0000002488,10-Q,2018-08-02,2018-06-30,0000002488-18-000128,https://www.sec.gov/Archives/edgar/data/2488/000000248818000128/amd0630201810q.htm
AMD,Advanced Micro Devices Inc.,0000002488,10-Q,2018-05-03,2018-03-31,0000002488-18-000068,https://www.sec.gov/Archives/edgar/data/2488/000000248818000068/amd0331201810q.htm
AMD,Advanced Micro Devices Inc.,0000002488,10-K,2018-02-27,2017-12-30,0000002488-18-000042,https://www.sec.gov/Archives/edgar/data/2488/000000248818000042/amd-12302017x10k.htm
AMD,Advanced Micro Devices Inc.,0000002488,10-Q,2017-11-02,2017-09-30,0000002488-17-000227,https://www.sec.gov/Archives/edgar/data/2488/000000248817000227/amd0930201710q.htm
AMD,Advanced Micro Devices Inc.,0000002488,10-Q,2017-08-03,2017-07-01,0000002488-17-000156,https://www.sec.gov/Archives/edgar/data/2488/000000248817000156/amd0701201710q.htm
AMD,Advanced Micro Devices Inc.,0000002488,10-Q,2017-05-08,2017-04-01,0000002488-17-000107,https://www.sec.gov/Archives/edgar/data/2488/000000248817000107/amd0401201710q.htm
AVGO,Broadcom Inc.,0001730168,10-K,2023-12-14,2023-10-29,0001730168-23-000096,https://www.sec.gov/Archives/edgar/data/1730168/000173016823000096/avgo-20231029.htm
AVGO,Broadcom Inc.,0001730168,10-Q,2023-09-06,2023-07-30,0001730168-23-000077,https://www.sec.gov/Archives/edgar/data/1730168/000173016823000077/avgo-20230730.htm
AVGO,Broadcom Inc.,0001730168,10-Q,2023-06-07,2023-04-30,0001730168-23-000064,https://www.sec.gov/Archives/edgar/data/1730168/000173016823000064/avgo-20230430.htm
AVGO,Broadcom Inc.,0001730168,10-Q,2023-03-08,2023-01-29,0001730168-23-000008,https://www.sec.gov/Archives/edgar/data/1730168/000173016823000008/avgo-20230129.htm
AVGO,Broadcom Inc.,0001730168,10-K,2022-12-16,2022-10-30,0001730168-22-000118,https://www.sec.gov/Archives/edgar/data/1730168/000173016822000118/avgo-20221030.htm
AVGO,Broadcom Inc.,0001730168,10-Q,2022-09-08,2022-07-31,0001730168-22-000094,https://www.sec.gov/Archives/edgar/data/1730168/000173016822000094/avgo-20220731.htm
AVGO,Broadcom Inc.,0001730168,10-Q,2022-06-09,2022-05-01,0001730168-22-000081,https://www.sec.gov/Archives/edgar/data/1730168/000173016822000081/avgo-20220501.htm
AVGO,Broadcom Inc.,0001730168,10-Q,2022-03-10,2022-01-30,0001730168-22-000029,https://www.sec.gov/Archives/edgar/data/1730168/000173016822000029/avgo-20220130.htm
AVGO,Broadcom Inc.,0001730168,10-K,2021-12-17,2021-10-31,0001730168-21-000153,https://www.sec.gov/Archives/edgar/data/1730168/000173016821000153/avgo-20211031.htm
AVGO,Broadcom Inc.,0001730168,10-Q,2021-09-09,2021-08-01,0001730168-21-000123,https://www.sec.gov/Archives/edgar/data/1730168/000173016821000123/avgo-20210801.htm
AVGO,Broadcom Inc.,0001730168,10-Q,2021-06-11,2021-05-02,0001730168-21-000116,https://www.sec.gov/Archives/edgar/data/1730168/000173016821000116/avgo-20210502.htm
AVGO,Broadcom Inc.,0001730168,10-Q,2021-03-12,2021-01-31,0001730168-21-000045,https://www.sec.gov/Archives/edgar/data/1730168/000173016821000045/avgo-20210131.htm
AVGO,Broadcom Inc.,0001730168,10-K,2020-12-18,2020-11-01,0001730168-20-000226,https://www.sec.gov/Archives/edgar/data/1730168/000173016820000226/avgo-20201101.htm
AVGO,Broadcom Inc.,0001730168,10-Q,2020-09-11,2020-08-02,0001730168-20-000164,https://www.sec.gov/Archives/edgar/data/1730168/000173016820000164/avgo-20200802.htm
AVGO,Broadcom Inc.,0001730168,10-Q,2020-06-12,2020-05-03,0001730168-20-000109,https://www.sec.gov/Archives/edgar/data/1730168/000173016820000109/avgo-20200503.htm
AVGO,Broadcom Inc.,0001730168,10-Q,2020-03-13,2020-02-02,0001730168-20-000045,https://www.sec.gov/Archives/edgar/data/1730168/000173016820000045/avgo-02022020x10q.htm
AVGO,Broadcom Inc.,0001730168,10-K,2019-12-20,2019-11-03,0001730168-19-000144,https://www.sec.gov/Archives/edgar/data/1730168/000173016819000144/avgo-11032019x10k.htm
AVGO,Broadcom Inc.,0001730168,10-Q,2019-09-13,2019-08-04,0001730168-19-000118,https://www.sec.gov/Archives/edgar/data/1730168/000173016819000118/avgo-08042019x10q.htm
AVGO,Broadcom Inc.,0001730168,10-Q,2019-06-14,2019-05-05,0001730168-19-000101,https://www.sec.gov/Archives/edgar/data/1730168/000173016819000101/avgo-05052019x10q.htm
AVGO,Broadcom Inc.,0001730168,10-Q,2019-03-15,2019-02-03,0001730168-19-000036,https://www.sec.gov/Archives/edgar/data/1730168/000173016819000036/avgo-02032019x10q.htm
AVGO,Broadcom Inc.,0001730168,10-K,2018-12-21,2018-11-04,0001730168-18-000084,https://www.sec.gov/Archives/edgar/data/1730168/000173016818000084/avgo-11042018x10k.htm
AVGO,Broadcom Inc.,0001730168,10-Q,2018-09-13,2018-08-05,0001730168-18-000039,https://www.sec.gov/Archives/edgar/data/1730168/000173016818000039/avgo-08052018x10q.htm
AVGO,Broadcom Inc.,0001730168,10-Q,2018-06-14,2018-05-06,0001730168-18-000019,https://www.sec.gov/Archives/edgar/data/1730168/000173016818000019/avgo-05062018x10q.htm
ADBE,Adobe Inc.,0000796343,10-K,2024-01-17,2023-12-01,0000796343-24-000006,https://www.sec.gov/Archives/edgar/data/796343/000079634324000006/adbe-20231201.htm
ADBE,Adobe Inc.,0000796343,10-Q,2023-09-27,2023-09-01,0000796343-23-000205,https://www.sec.gov/Archives/edgar/data/796343/000079634323000205/adbe-20230901.htm
ADBE,Adobe Inc.,0000796343,10-Q,2023-06-28,2023-06-02,0000796343-23-000153,https://www.sec.gov/Archives/edgar/data/796343/000079634323000153/adbe-20230602.htm
ADBE,Adobe Inc.,0000796343,10-Q,2023-03-29,2023-03-03,0000796343-23-000055,https://www.sec.gov/Archives/edgar/data/796343/000079634323000055/adbe-20230303.htm
ADBE,Adobe Inc.,0000796343,10-K,2023-01-17,2022-12-02,0000796343-23-000007,https://www.sec.gov/Archives/edgar/data/796343/000079634323000007/adbe-20221202.htm
ADBE,Adobe Inc.,0000796343,10-Q,2022-09-28,2022-09-02,0000796343-22-000196,https://www.sec.gov/Archives/edgar/data/796343/000079634322000196/adbe-20220902.htm
ADBE,Adobe Inc.,0000796343,10-Q,2022-06-29,2022-06-03,0000796343-22-000157,https://www.sec.gov/Archives/edgar/data/796343/000079634322000157/adbe-20220603.htm
ADBE,Adobe Inc.,0000796343,10-Q,2022-03-30,2022-03-04,0000796343-22-000099,https://www.sec.gov/Archives/edgar/data/796343/000079634322000099/adbe-20220304.htm
ADBE,Adobe Inc.,0000796343,10-K,2022-01-21,2021-12-03,0000796343-22-000032,https://www.sec.gov/Archives/edgar/data/796343/000079634322000032/adbe-20211203.htm
ADBE,Adobe Inc.,0000796343,10-Q,2021-09-29,2021-09-03,0000796343-21-000210,https://www.sec.gov/Archives/edgar/data/796343/000079634321000210/adbe-20210903.htm
ADBE,Adobe Inc.,0000796343,10-Q,2021-06-30,2021-06-04,0000796343-21-000159,https://www.sec.gov/Archives/edgar/data/796343/000079634321000159/adbe-20210604.htm
ADBE,Adobe Inc.,0000796343,10-Q,2021-03-31,2021-03-05,0000796343-21-000069,https://www.sec.gov/Archives/edgar/data/796343/000079634321000069/adbe-20210305.htm
ADBE,Adobe Inc.,0000796343,10-K,2021-01-15,2020-11-27,0000796343-21-000004,https://www.sec.gov/Archives/edgar/data/796343/000079634321000004/adbe-20201127.htm
ADBE,Adobe Inc.,0000796343,10-Q,2020-09-23,2020-08-28,0000796343-20-000201,https://www.sec.gov/Archives/edgar/data/796343/000079634320000201/adbe-20200828.htm
ADBE,Adobe Inc.,0000796343,10-Q,2020-06-24,2020-05-29,0000796343-20-000143,https://www.sec.gov/Archives/edgar/data/796343/000079634320000143/adbe10qq220.htm
ADBE,Adobe Inc.,0000796343,10-Q,2020-03-25,2020-02-28,0000796343-20-000064,https://www.sec.gov/Archives/edgar/data/796343/000079634320000064/adbe10qq120.htm
ADBE,Adobe Inc.,0000796343,10-K,2020-01-21,2019-11-29,0000796343-20-000013,https://www.sec.gov/Archives/edgar/data/796343/000079634320000013/adbe10kfy19.htm
ADBE,Adobe Inc.,0000796343,10-Q,2019-09-26,2019-08-30,0000796343-19-000165,https://www.sec.gov/Archives/edgar/data/796343/000079634319000165/adbe10qq319.htm
ADBE,Adobe Inc.,0000796343,10-Q,2019-06-26,2019-05-31,0000796343-19-000142,https://www.sec.gov/Archives/edgar/data/796343/000079634319000142/adbe10qq219.htm
ADBE,Adobe Inc.,0000796343,10-Q,2019-03-27,2019-03-01,0000796343-19-000079,https://www.sec.gov/Archives/edgar/data/796343/000079634319000079/adbe10qq119.htm
ADBE,Adobe Inc.,0000796343,10-K,2019-01-25,2018-11-30,0000796343-19-000019,https://www.sec.gov/Archives/edgar/data/796343/000079634319000019/adbe10kfy18.htm
ADBE,Adobe Inc.,0000796343,10-Q,2018-09-26,2018-08-31,0000796343-18-000160,https://www.sec.gov/Archives/edgar/data/796343/000079634318000160/adbe10qq318.htm
ADBE,Adobe Inc.,0000796343,10-Q,2018-06-27,2018-06-01,0000796343-18-000134,https://www.sec.gov/Archives/edgar/data/796343/000079634318000134/adbe10qq218.htm
ADBE,Adobe Inc.,0000796343,10-Q,2018-03-28,2018-03-02,0000796343-18-000065,https://www.sec.gov/Archives/edgar/data/796343/000079634318000065/adbe10qq118.htm
CRM,Salesforce Inc.,0001108524,10-Q,2023-11-30,2023-10-31,0001108524-23-000048,https://www.sec.gov/Archives/edgar/data/1108524/000110852423000048/crm-20231031.htm
CRM,Salesforce Inc.,0001108524,10-Q,2023-08-31,2023-07-31,0001108524-23-000040,https://www.sec.gov/Archives/edgar/data/1108524/000110852423000040/crm-20230731.htm
ORCL,Oracle Corp.,0001341439,10-Q,2023-12-12,2023-11-30,0000950170-23-069682,https://www.sec.gov/Archives/edgar/data/1341439/000095017023069682/orcl-20231130.htm
ORCL,Oracle Corp.,0001341439,10-Q,2023-09-12,2023-08-31,0000950170-23-047713,https://www.sec.gov/Archives/edgar/data/1341439/000095017023047713/orcl-20230831.htm
ORCL,Oracle Corp.,0001341439,10-K,2023-06-20,2023-05-31,0000950170-23-028914,https://www.sec.gov/Archives/edgar/data/1341439/000095017023028914/orcl-20230531.htm
ORCL,Oracle Corp.,0001341439,10-Q,2023-03-10,2023-02-28,0001564590-23-003413,https://www.sec.gov/Archives/edgar/data/1341439/000156459023003413/orcl-10q_20230228.htm
ORCL,Oracle Corp.,0001341439,10-Q,2022-12-13,2022-11-30,0001564590-22-039278,https://www.sec.gov/Archives/edgar/data/1341439/000156459022039278/orcl-10q_20221130.htm
ORCL,Oracle Corp.,0001341439,10-Q,2022-09-13,2022-08-31,0001564590-22-031545,https://www.sec.gov/Archives/edgar/data/1341439/000156459022031545/orcl-10q_20220831.htm
ORCL,Oracle Corp.,0001341439,10-K,2022-06-21,2022-05-31,0001564590-22-023675,https://www.sec.gov/Archives/edgar/data/1341439/000156459022023675/orcl-10k_20220531.htm
ORCL,Oracle Corp.,0001341439,10-Q,2022-03-11,2022-02-28,0001564590-22-009859,https://www.sec.gov/Archives/edgar/data/1341439/000156459022009859/orcl-10q_20220228.htm
ORCL,Oracle Corp.,0001341439,10-Q,2021-12-10,2021-11-30,0001564590-21-060022,https://www.sec.gov/Archives/edgar/data/1341439/000156459021060022/orcl-10q_20211130.htm
ORCL,Oracle Corp.,0001341439,10-Q,2021-09-13,2021-08-31,0001564590-21-047772,https://www.sec.gov/Archives/edgar/data/1341439/000156459021047772/orcl-10q_20210831.htm
ORCL,Oracle Corp.,0001341439,10-K,2021-06-21,2021-05-31,0001564590-21-033616,https://www.sec.gov/Archives/edgar/data/1341439/000156459021033616/orcl-10k_20210531.htm
ORCL,Oracle Corp.,0001341439,10-Q,2021-03-11,2021-02-28,0001564590-21-012539,https://www.sec.gov/Archives/edgar/data/1341439/000156459021012539/orcl-10q_20210228.htm
ORCL,Oracle Corp.,0001341439,10-Q,2020-12-11,2020-11-30,0001564590-20-056896,https://www.sec.gov/Archives/edgar/data/1341439/000156459020056896/orcl-10q_20201130.htm
ORCL,Oracle Corp.,0001341439,10-Q,2020-09-15,2020-08-31,0001564590-20-043448,https://www.sec.gov/Archives/edgar/data/1341439/000156459020043448/orcl-10q_20200831.htm
ORCL,Oracle Corp.,0001341439,10-K,2020-06-22,2020-05-31,0001564590-20-030125,https://www.sec.gov/Archives/edgar/data/1341439/000156459020030125/orcl-10k_20200531.htm
ORCL,Oracle Corp.,0001341439,10-Q,2020-03-13,2020-02-29,0001564590-20-010833,https://www.sec.gov/Archives/edgar/data/1341439/000156459020010833/orcl-10q_20200229.htm
ORCL,Oracle Corp.,0001341439,10-Q,2019-12-13,2019-11-30,0001564590-19-045966,https://www.sec.gov/Archives/edgar/data/1341439/000156459019045966/orcl-10q_20191130.htm
ORCL,Oracle Corp.,0001341439,10-Q,2019-09-13,2019-08-31,0001564590-19-034717,https://www.sec.gov/Archives/edgar/data/1341439/000156459019034717/orcl-10q_20190831.htm
ORCL,Oracle Corp.,0001341439,10-K,2019-06-21,2019-05-31,0001564590-19-023119,https://www.sec.gov/Archives/edgar/data/1341439/000156459019023119/orcl-10k_20190531.htm
ORCL,Oracle Corp.,0001341439,10-Q,2019-03-18,2019-02-28,0001564590-19-008273,https://www.sec.gov/Archives/edgar/data/1341439/000156459019008273/orcl-10q_20190228.htm
ORCL,Oracle Corp.,0001341439,10-Q,2018-12-19,2018-11-30,0001564590-18-031113,https://www.sec.gov/Archives/edgar/data/1341439/000156459018031113/orcl-10q_20181130.htm
ORCL,Oracle Corp.,0001341439,10-Q,2018-09-19,2018-08-31,0001564590-18-023315,https://www.sec.gov/Archives/edgar/data/1341439/000156459018023315/orcl-10q_20180831.htm
ORCL,Oracle Corp.,0001341439,10-K,2018-06-22,2018-05-31,0001193125-18-201034,https://www.sec.gov/Archives/edgar/data/1341439/000119312518201034/d568983d10k.htm
ORCL,Oracle Corp.,0001341439,10-Q,2018-03-21,2018-02-28,0001193125-18-090646,https://www.sec.gov/Archives/edgar/data/1341439/000119312518090646/d548579d10q.htm
ORCL,Oracle Corp.,0001341439,10-Q,2017-12-18,2017-11-30,0001193125-17-372232,https://www.sec.gov/Archives/edgar/data/1341439/000119312517372232/d510241d10q.htm
ORCL,Oracle Corp.,0001341439,10-Q,2017-09-18,2017-08-31,0001193125-17-287455,https://www.sec.gov/Archives/edgar/data/1341439/000119312517287455/d407367d10q.htm
ORCL,Oracle Corp.,0001341439,10-K,2017-06-27,2017-05-31,0001193125-17-214833,https://www.sec.gov/Archives/edgar/data/1341439/000119312517214833/d385998d10k.htm
ORCL,Oracle Corp.,0001341439,10-Q,2017-03-17,2017-02-28,0001193125-17-087309,https://www.sec.gov/Archives/edgar/data/1341439/000119312517087309/d353998d10q.htm
ORCL,Oracle Corp.,0001341439,10-Q,2016-12-19,2016-11-30,0001193125-16-797253,https://www.sec.gov/Archives/edgar/data/1341439/000119312516797253/d289857d10q.htm
ORCL,Oracle Corp.,0001341439,10-Q,2016-09-19,2016-08-31,0001193125-16-713596,https://www.sec.gov/Archives/edgar/data/1341439/000119312516713596/d252702d10q.htm
ORCL,Oracle Corp.,0001341439,10-K,2016-06-22,2016-05-31,0001193125-16-628942,https://www.sec.gov/Archives/edgar/data/1341439/000119312516628942/d203801d10k.htm
ORCL,Oracle Corp.,0001341439,10-Q,2016-03-18,2016-02-29,0001193125-16-510333,https://www.sec.gov/Archives/edgar/data/1341439/000119312516510333/d48108d10q.htm
ORCL,Oracle Corp.,0001341439,10-Q,2015-12-18,2015-11-30,0001193125-15-407703,https://www.sec.gov/Archives/edgar/data/1341439/000119312515407703/d134252d10q.htm
INTC,Intel Corp.,0000050863,10-K,2024-01-26,2023-12-30,0000050863-24-000010,https://www.sec.gov/Archives/edgar/data/50863/000005086324000010/intc-20231230.htm
INTC,Intel Corp.,0000050863,10-Q,2023-10-27,2023-09-30,0000050863-23-000103,https://www.sec.gov/Archives/edgar/data/50863/000005086323000103/intc-20230930.htm
INTC,Intel Corp.,0000050863,10-Q,2023-07-28,2023-07-01,0000050863-23-000069,https://www.sec.gov/Archives/edgar/data/50863/000005086323000069/intc-20230701.htm
INTC,Intel Corp.,0000050863,10-Q,2023-04-28,2023-04-01,0000050863-23-000028,https://www.sec.gov/Archives/edgar/data/50863/000005086323000028/intc-20230401.htm
INTC,Intel Corp.,0000050863,10-K,2023-01-27,2022-12-31,0000050863-23-000006,https://www.sec.gov/Archives/edgar/data/50863/000005086323000006/intc-20221231.htm
INTC,Intel Corp.,0000050863,10-Q,2022-10-28,2022-10-01,0000050863-22-000038,https://www.sec.gov/Archives/edgar/data/50863/000005086322000038/intc-20221001.htm
INTC,Intel Corp.,0000050863,10-Q,2022-07-29,2022-07-02,0000050863-22-000030,https://www.sec.gov/Archives/edgar/data/50863/000005086322000030/intc-20220702.htm
INTC,Intel Corp.,0000050863,10-Q,2022-04-29,2022-04-02,0000050863-22-000020,https://www.sec.gov/Archives/edgar/data/50863/000005086322000020/intc-20220402.htm
INTC,Intel Corp.,0000050863,10-K,2022-01-27,2021-12-25,0000050863-22-000007,https://www.sec.gov/Archives/edgar/data/50863/000005086322000007/intc-20211225.htm
INTC,Intel Corp.,0000050863,10-Q,2021-10-22,2021-09-25,0000050863-21-000038,https://www.sec.gov/Archives/edgar/data/50863/000005086321000038/intc-20210925.htm
INTC,Intel Corp.,0000050863,10-Q,2021-07-23,2021-06-26,0000050863-21-000030,https://www.sec.gov/Archives/edgar/data/50863/000005086321000030/intc-20210626.htm
INTC,Intel Corp.,0000050863,10-Q,2021-04-23,2021-03-27,0000050863-21-000018,https://www.sec.gov/Archives/edgar/data/50863/000005086321000018/intc-20210327.htm
INTC,Intel Corp.,0000050863,10-K,2021-01-22,2020-12-26,0000050863-21-000010,https://www.sec.gov/Archives/edgar/data/50863/000005086321000010/intc-20201226.htm
INTC,Intel Corp.,0000050863,10-Q,2020-10-23,2020-09-26,0000050863-20-000043,https://www.sec.gov/Archives/edgar/data/50863/000005086320000043/intc-20200926.htm
INTC,Intel Corp.,0000050863,10-Q,2020-07-24,2020-06-27,0000050863-20-000026,https://www.sec.gov/Archives/edgar/data/50863/000005086320000026/intc-20200627.htm
INTC,Intel Corp.,0000050863,10-Q,2020-04-24,2020-03-28,0000050863-20-000017,https://www.sec.gov/Archives/edgar/data/50863/000005086320000017/a0328202010qdocument-u.htm
INTC,Intel Corp.,0000050863,10-K,2020-01-24,2019-12-28,0000050863-20-000011,https://www.sec.gov/Archives/edgar/data/50863/000005086320000011/a12282019q4-10kdocument.htm
INTC,Intel Corp.,0000050863,10-Q,2019-10-25,2019-09-28,0000050863-19-000029,https://www.sec.gov/Archives/edgar/data/50863/000005086319000029/a0928201910qdocument.htm
INTC,Intel Corp.,0000050863,10-Q,2019-07-26,2019-06-29,0000050863-19-000023,https://www.sec.gov/Archives/edgar/data/50863/000005086319000023/a0629201910qdocument.htm
INTC,Intel Corp.,0000050863,10-Q,2019-04-26,2019-03-30,0000050863-19-000013,https://www.sec.gov/Archives/edgar/data/50863/000005086319000013/a0330201910qdocument.htm
INTC,Intel Corp.,0000050863,10-K,2019-02-01,2018-12-29,0000050863-19-000007,https://www.sec.gov/Archives/edgar/data/50863/000005086319000007/a12292018q4-10kdocument.htm
QCOM,Qualcomm Inc.,0000804328,10-Q,2024-01-31,2023-12-24,0000804328-24-000017,https://www.sec.gov/Archives/edgar/data/804328/000080432824000017/qcom-20231224.htm
QCOM,Qualcomm Inc.,0000804328,10-K,2023-11-01,2023-09-24,0000804328-23-000055,https://www.sec.gov/Archives/edgar/data/804328/000080432823000055/qcom-20230924.htm
QCOM,Qualcomm Inc.,0000804328,10-Q,2023-08-02,2023-06-25,0000804328-23-000043,https://www.sec.gov/Archives/edgar/data/804328/000080432823000043/qcom-20230625.htm
QCOM,Qualcomm Inc.,0000804328,10-Q,2023-05-03,2023-03-26,0000804328-23-000023,https://www.sec.gov/Archives/edgar/data/804328/000080432823000023/qcom-20230326.htm
QCOM,Qualcomm Inc.,0000804328,10-Q,2023-02-02,2022-12-25,0000804328-23-000006,https://www.sec.gov/Archives/edgar/data/804328/000080432823000006/qcom-20221225.htm
QCOM,Qualcomm Inc.,0000804328,10-K,2022-11-02,2022-09-25,0000804328-22-000021,https://www.sec.gov/Archives/edgar/data/804328/000080432822000021/qcom-20220925.htm
QCOM,Qualcomm Inc.,0000804328,10-Q,2022-07-27,2022-06-26,0001728949-22-000040,https://www.sec.gov/Archives/edgar/data/804328/000172894922000040/qcom-20220626.htm
QCOM,Qualcomm Inc.,0000804328,10-Q,2022-04-27,2022-03-27,0001728949-22-000026,https://www.sec.gov/Archives/edgar/data/804328/000172894922000026/qcom-20220327.htm
QCOM,Qualcomm Inc.,0000804328,10-Q,2022-02-02,2021-12-26,0001728949-22-000012,https://www.sec.gov/Archives/edgar/data/804328/000172894922000012/qcom-20211226.htm
QCOM,Qualcomm Inc.,0000804328,10-K,2021-11-03,2021-09-26,0001728949-21-000076,https://www.sec.gov/Archives/edgar/data/804328/000172894921000076/qcom-20210926.htm
QCOM,Qualcomm Inc.,0000804328,10-Q,2021-07-28,2021-06-27,0001728949-21-000066,https://www.sec.gov/Archives/edgar/data/804328/000172894921000066/qcom-20210627.htm
QCOM,Qualcomm Inc.,0000804328,10-Q,2021-04-28,2021-03-28,0001728949-21-000043,https://www.sec.gov/Archives/edgar/data/804328/000172894921000043/qcom-20210328.htm
QCOM,Qualcomm Inc.,0000804328,10-Q,2021-02-03,2020-12-27,0001728949-21-000022,https://www.sec.gov/Archives/edgar/data/804328/000172894921000022/qcom-20201227.htm
QCOM,Qualcomm Inc.,0000804328,10-K,2020-11-04,2020-09-27,0001728949-20-000067,https://www.sec.gov/Archives/edgar/data/804328/000172894920000067/qcom-20200927.htm
QCOM,Qualcomm Inc.,0000804328,10-Q,2020-07-29,2020-06-28,0001728949-20-000057,https://www.sec.gov/Archives/edgar/data/804328/000172894920000057/qcom-20200628.htm
QCOM,Qualcomm Inc.,0000804328,10-Q,2020-04-29,2020-03-29,0001728949-20-000031,https://www.sec.gov/Archives/edgar/data/804328/000172894920000031/qcom-20200329.htm
QCOM,Qualcomm Inc.,0000804328,10-Q,2020-02-05,2019-12-29,0001728949-20-000011,https://www.sec.gov/Archives/edgar/data/804328/000172894920000011/qcom12291910-q.htm
QCOM,Qualcomm Inc.,0000804328,10-K,2019-11-06,2019-09-29,0001728949-19-000072,https://www.sec.gov/Archives/edgar/data/804328/000172894919000072/qcom10-k2019.htm
QCOM,Qualcomm Inc.,0000804328,10-Q,2019-07-31,2019-06-30,0001728949-19-000055,https://www.sec.gov/Archives/edgar/data/804328/000172894919000055/qcom06301910-q.htm
QCOM,Qualcomm Inc.,0000804328,10-Q,2019-05-01,2019-03-31,0001728949-19-000036,https://www.sec.gov/Archives/edgar/data/804328/000172894919000036/qcom03311910-q.htm
QCOM,Qualcomm Inc.,0000804328,10-Q,2019-01-30,2018-12-30,0001728949-19-000012,https://www.sec.gov/Archives/edgar/data/804328/000172894919000012/qcom12301810-q.htm
QCOM,Qualcomm Inc.,0000804328,10-K,2018-11-07,2018-09-30,0001728949-18-000095,https://www.sec.gov/Archives/edgar/data/804328/000172894918000095/qcom10-k2018.htm
QCOM,Qualcomm Inc.,0000804328,10-Q,2018-07-25,2018-06-24,0001728949-18-000075,https://www.sec.gov/Archives/edgar/data/804328/000172894918000075/qcom06241810-q.htm
QCOM,Qualcomm Inc.,0000804328,10-Q,2018-04-25,2018-03-25,0001728949-18-000039,https://www.sec.gov/Archives/edgar/data/804328/000172894918000039/qcom03251810-q.htm
CSCO,Cisco Systems Inc.,0000858877,10-Q,2023-11-21,2023-10-28,0000858877-23-000031,https://www.sec.gov/Archives/edgar/data/858877/000085887723000031/csco-20231028.htm
CSCO,Cisco Systems Inc.,0000858877,10-K,2023-09-07,2023-07-29,0000858877-23-000023,https://www.sec.gov/Archives/edgar/data/858877/000085887723000023/csco-20230729.htm
CSCO,Cisco Systems Inc.,0000858877,10-Q,2023-05-24,2023-04-29,0000858877-23-000013,https://www.sec.gov/Archives/edgar/data/858877/000085887723000013/csco-20230429.htm
CSCO,Cisco Systems Inc.,0000858877,10-Q,2023-02-21,2023-01-28,0000858877-23-000005,https://www.sec.gov/Archives/edgar/data/858877/000085887723000005/csco-20230128.htm
CSCO,Cisco Systems Inc.,0000858877,10-Q,2022-11-22,2022-10-29,0000858877-22-000025,https://www.sec.gov/Archives/edgar/data/858877/000085887722000025/csco-20221029.htm
CSCO,Cisco Systems Inc.,0000858877,10-K,2022-09-08,2022-07-30,0000858877-22-000013,https://www.sec.gov/Archives/edgar/data/858877/000085887722000013/csco-20220730.htm
CSCO,Cisco Systems Inc.,0000858877,10-Q,2022-05-25,2022-04-30,0000858877-22-000009,https://www.sec.gov/Archives/edgar/data/858877/000085887722000009/csco-20220430.htm
CSCO,Cisco Systems Inc.,0000858877,10-Q,2022-02-22,2022-01-29,0000858877-22-000004,https://www.sec.gov/Archives/edgar/data/858877/000085887722000004/csco-20220129.htm
CSCO,Cisco Systems Inc.,0000858877,10-Q,2021-11-23,2021-10-30,0000858877-21-000018,https://www.sec.gov/Archives/edgar/data/858877/000085887721000018/csco-20211030.htm
CSCO,Cisco Systems Inc.,0000858877,10-K,2021-09-09,2021-07-31,0000858877-21-000013,https://www.sec.gov/Archives/edgar/data/858877/000085887721000013/csco-20210731.htm
CSCO,Cisco Systems Inc.,0000858877,10-Q,2021-05-25,2021-05-01,0000858877-21-000008,https://www.sec.gov/Archives/edgar/data/858877/000085887721000008/csco-20210501.htm
CSCO,Cisco Systems Inc.,0000858877,10-Q,2021-02-16,2021-01-23,0000858877-21-000004,https://www.sec.gov/Archives/edgar/data/858877/000085887721000004/csco-20210123.htm
CSCO,Cisco Systems Inc.,0000858877,10-Q,2020-11-17,2020-10-24,0000858877-20-000015,https://www.sec.gov/Archives/edgar/data/858877/000085887720000015/csco-20201024.htm
CSCO,Cisco Systems Inc.,0000858877,10-K,2020-09-03,2020-07-25,0000858877-20-000010,https://www.sec.gov/Archives/edgar/data/858877/000085887720000010/csco-2020725x10k.htm
CSCO,Cisco Systems Inc.,0000858877,10-Q,2020-05-18,2020-04-25,0000858877-20-000006,https://www.sec.gov/Archives/edgar/data/858877/000085887720000006/a10qq3fy20.htm
CSCO,Cisco Systems Inc.,0000858877,10-Q,2020-02-18,2020-01-25,0000858877-20-000004,https://www.sec.gov/Archives/edgar/data/858877/000085887720000004/a10qq2fy20.htm
NOW,ServiceNow Inc.,0001373715,10-K,2024-01-25,2023-12-31,0001373715-24-000030,https://www.sec.gov/Archives/edgar/data/1373715/000137371524000030/now-20231231.htm
NOW,ServiceNow Inc.,0001373715,10-Q,2023-10-26,2023-09-30,0001373715-23-000419,https://www.sec.gov/Archives/edgar/data/1373715/000137371523000419/now-20230930.htm
NOW,ServiceNow Inc.,0001373715,10-Q,2023-07-27,2023-06-30,0001373715-23-000325,https://www.sec.gov/Archives/edgar/data/1373715/000137371523000325/now-20230630.htm
NOW,ServiceNow Inc.,0001373715,10-Q,2023-04-27,2023-03-31,0001373715-23-000166,https://www.sec.gov/Archives/edgar/data/1373715/000137371523000166/now-20230331.htm
NOW,ServiceNow Inc.,0001373715,10-K,2023-01-31,2022-12-31,0001373715-23-000035,https://www.sec.gov/Archives/edgar/data/1373715/000137371523000035/now-20221231.htm
NOW,ServiceNow Inc.,0001373715,10-Q,2022-10-27,2022-09-30,0001373715-22-000330,https://www.sec.gov/Archives/edgar/data/1373715/000137371522000330/now-20220930.htm
NOW,ServiceNow Inc.,0001373715,10-Q,2022-07-28,2022-06-30,0001373715-22-000241,https://www.sec.gov/Archives/edgar/data/1373715/000137371522000241/now-20220630.htm
PANW,Palo Alto Networks Inc.,0001327567,10-Q,2023-11-17,2023-10-31,0001327567-23-000032,https://www.sec.gov/Archives/edgar/data/1327567/000132756723000032/panw-20231031.htm
PANW,Palo Alto Networks Inc.,0001327567,10-K,2023-09-01,2023-07-31,0001327567-23-000024,https://www.sec.gov/Archives/edgar/data/1327567/000132756723000024/panw-20230731.htm
PANW,Palo Alto Networks Inc.,0001327567,10-Q,2023-05-24,2023-04-30,0001327567-23-000014,https://www.sec.gov/Archives/edgar/data/1327567/000132756723000014/panw-20230430.htm
PANW,Palo Alto Networks Inc.,0001327567,10-Q,2023-02-22,2023-01-31,0001327567-23-000006,https://www.sec.gov/Archives/edgar/data/1327567/000132756723000006/panw-20230131.htm
PANW,Palo Alto Networks Inc.,0001327567,10-Q,2022-11-18,2022-10-31,0001327567-22-000038,https://www.sec.gov/Archives/edgar/data/1327567/000132756722000038/panw-20221031.htm
PANW,Palo Alto Networks Inc.,0001327567,10-K,2022-09-06,2022-07-31,0001327567-22-000028,https://www.sec.gov/Archives/edgar/data/1327567/000132756722000028/panw-20220731.htm
PANW,Palo Alto Networks Inc.,0001327567,10-Q,2022-05-20,2022-04-30,0001327567-22-000016,https://www.sec.gov/Archives/edgar/data/1327567/000132756722000016/panw-20220430.htm
PANW,Palo Alto Networks Inc.,0001327567,10-Q,2022-02-23,2022-01-31,0001327567-22-000008,https://www.sec.gov/Archives/edgar/data/1327567/000132756722000008/panw-20220131.htm
PANW,Palo Alto Networks Inc.,0001327567,10-Q,2021-11-19,2021-10-31,0001327567-21-000040,https://www.sec.gov/Archives/edgar/data/1327567/000132756721000040/panw-20211031.htm
PANW,Palo Alto Networks Inc.,0001327567,10-K,2021-09-03,2021-07-31,0001327567-21-000029,https://www.sec.gov/Archives/edgar/data/1327567/000132756721000029/panw-20210731.htm
PANW,Palo Alto Networks Inc.,0001327567,10-Q,2021-05-21,2021-04-30,0001327567-21-000014,https://www.sec.gov/Archives/edgar/data/1327567/000132756721000014/panw-20210430.htm
PANW,Palo Alto Networks Inc.,0001327567,10-Q,2021-02-23,2021-01-31,0001327567-21-000004,https://www.sec.gov/Archives/edgar/data/1327567/000132756721000004/panw-20210131.htm
PANW,Palo Alto Networks Inc.,0001327567,10-Q,2020-11-19,2020-10-31,0001327567-20-000041,https://www.sec.gov/Archives/edgar/data/1327567/000132756720000041/panw-20201031.htm
PANW,Palo Alto Networks Inc.,0001327567,10-K,2020-09-04,2020-07-31,0001327567-20-000032,https://www.sec.gov/Archives/edgar/data/1327567/000132756720000032/panw-20200731.htm
PANW,Palo Alto Networks Inc.,0001327567,10-Q,2020-05-22,2020-04-30,0001327567-20-000017,https://www.sec.gov/Archives/edgar/data/1327567/000132756720000017/panw-20200430.htm
PANW,Palo Alto Networks Inc.,0001327567,10-Q,2020-02-25,2020-01-31,0001327567-20-000007,https://www.sec.gov/Archives/edgar/data/1327567/000132756720000007/panw-1312020x10qq220.htm
PANW,Palo Alto Networks Inc.,0001327567,10-Q,2019-11-26,2019-10-31,0001327567-19-000038,https://www.sec.gov/Archives/edgar/data/1327567/000132756719000038/panw-10312019x10qq120.htm
PANW,Palo Alto Networks Inc.,0001327567,10-K,2019-09-09,2019-07-31,0001327567-19-000032,https://www.sec.gov/Archives/edgar/data/1327567/000132756719000032/panw-7312019x10k.htm
PANW,Palo Alto Networks Inc.,0001327567,10-Q,2019-05-30,2019-04-30,0001327567-19-000016,https://www.sec.gov/Archives/edgar/data/1327567/000132756719000016/panw-4302019x10qq319.htm
ZS,Zscaler Inc.,0001713683,10-Q,2023-12-06,2023-10-31,0001713683-23-000171,https://www.sec.gov/Archives/edgar/data/1713683/000171368323000171/zs-20231031.htm
ZS,Zscaler Inc.,0001713683,10-K,2023-09-14,2023-07-31,0001713683-23-000113,https://www.sec.gov/Archives/edgar/data/1713683/000171368323000113/zs-20230731.htm
ZS,Zscaler Inc.,0001713683,10-Q,2023-06-07,2023-04-30,0001713683-23-000059,https://www.sec.gov/Archives/edgar/data/1713683/000171368323000059/zs-20230430.htm
ZS,Zscaler Inc.,0001713683,10-Q,2023-03-08,2023-01-31,0001713683-23-000030,https://www.sec.gov/Archives/edgar/data/1713683/000171368323000030/zs-20230131.htm
ZS,Zscaler Inc.,0001713683,10-Q,2022-12-07,2022-10-31,0001713683-22-000123,https://www.sec.gov/Archives/edgar/data/1713683/000171368322000123/zs-20221031.htm
ZS,Zscaler Inc.,0001713683,10-K,2022-09-15,2022-07-31,0001713683-22-000081,https://www.sec.gov/Archives/edgar/data/1713683/000171368322000081/zs-20220731.htm
ZS,Zscaler Inc.,0001713683,10-Q,2022-06-09,2022-04-30,0001713683-22-000056,https://www.sec.gov/Archives/edgar/data/1713683/000171368322000056/zs-20220430.htm
ZS,Zscaler Inc.,0001713683,10-Q,2022-03-09,2022-01-31,0001713683-22-000029,https://www.sec.gov/Archives/edgar/data/1713683/000171368322000029/zs-20220131.htm
ZS,Zscaler Inc.,0001713683,10-Q,2021-12-08,2021-10-31,0001713683-21-000238,https://www.sec.gov/Archives/edgar/data/1713683/000171368321000238/zs-20211031.htm
ZS,Zscaler Inc.,0001713683,10-K,2021-09-16,2021-07-31,0001713683-21-000175,https://www.sec.gov/Archives/edgar/data/1713683/000171368321000175/zs-20210731.htm
ZS,Zscaler Inc.,0001713683,10-Q,2021-06-03,2021-04-30,0001713683-21-000096,https://www.sec.gov/Archives/edgar/data/1713683/000171368321000096/zs-20210430.htm
ZS,Zscaler Inc.,0001713683,10-Q,2021-03-04,2021-01-31,0001713683-21-000037,https://www.sec.gov/Archives/edgar/data/1713683/000171368321000037/zs-20210131.htm
ZS,Zscaler Inc.,0001713683,10-Q,2020-12-08,2020-10-31,0001713683-20-000193,https://www.sec.gov/Archives/edgar/data/1713683/000171368320000193/zs-20201031.htm
ZS,Zscaler Inc.,0001713683,10-K,2020-09-17,2020-07-31,0001713683-20-000163,https://www.sec.gov/Archives/edgar/data/1713683/000171368320000163/zs-20200731.htm
ZS,Zscaler Inc.,0001713683,10-Q,2020-06-03,2020-04-30,0001713683-20-000095,https://www.sec.gov/Archives/edgar/data/1713683/000171368320000095/zs-20200430.htm
ZS,Zscaler Inc.,0001713683,10-Q,2020-03-04,2020-01-31,0001713683-20-000037,https://www.sec.gov/Archives/edgar/data/1713683/000171368320000037/zs-20200131.htm
ZS,Zscaler Inc.,0001713683,10-Q,2019-12-06,2019-10-31,0001713683-19-000053,https://www.sec.gov/Archives/edgar/data/1713683/000171368319000053/zs-20191031.htm
ZS,Zscaler Inc.,0001713683,10-K,2019-09-18,2019-07-31,0001713683-19-000030,https://www.sec.gov/Archives/edgar/data/1713683/000171368319000030/zs-20190731.htm
ZS,Zscaler Inc.,0001713683,10-Q,2019-06-05,2019-04-30,0001713683-19-000016,https://www.sec.gov/Archives/edgar/data/1713683/000171368319000016/zs-20190430.htm
ZS,Zscaler Inc.,0001713683,10-Q,2019-03-06,2019-01-31,0001713683-19-000006,https://www.sec.gov/Archives/edgar/data/1713683/000171368319000006/zs-20190131.htm
ZS,Zscaler Inc.,0001713683,10-Q,2018-12-06,2018-10-31,0001713683-18-000009,https://www.sec.gov/Archives/edgar/data/1713683/000171368318000009/zs10311810-qq119.htm
ZS,Zscaler Inc.,0001713683,10-K,2018-09-13,2018-07-31,0001628280-18-011833,https://www.sec.gov/Archives/edgar/data/1713683/000162828018011833/zs7311810-k.htm
ZS,Zscaler Inc.,0001713683,10-Q,2018-06-07,2018-04-30,0001713683-18-000007,https://www.sec.gov/Archives/edgar/data/1713683/000171368318000007/zs4301810-q.htm
SNOW,Snowflake Inc.,0001640147,10-Q,2023-12-01,2023-10-31,0001640147-23-000260,https://www.sec.gov/Archives/edgar/data/1640147/000164014723000260/snow-20231031.htm
SNOW,Snowflake Inc.,0001640147,10-Q,2023-08-31,2023-07-31,0001640147-23-000199,https://www.sec.gov/Archives/edgar/data/1640147/000164014723000199/snow-20230731.htm
SNOW,Snowflake Inc.,0001640147,10-Q,2023-06-02,2023-04-30,0001640147-23-000102,https://www.sec.gov/Archives/edgar/data/1640147/000164014723000102/snow-20230430.htm
SNOW,Snowflake Inc.,0001640147,10-K,2023-03-29,2023-01-31,0001640147-23-000030,https://www.sec.gov/Archives/edgar/data/1640147/000164014723000030/snow-20230131.htm
SNOW,Snowflake Inc.,0001640147,10-Q,2022-12-02,2022-10-31,0001640147-22-000100,https://www.sec.gov/Archives/edgar/data/1640147/000164014722000100/snow-20221031.htm
SNOW,Snowflake Inc.,0001640147,10-Q,2022-09-01,2022-07-31,0001640147-22-000084,https://www.sec.gov/Archives/edgar/data/1640147/000164014722000084/snow-20220731.htm
SNOW,Snowflake Inc.,0001640147,10-Q,2022-06-03,2022-04-30,0001640147-22-000044,https://www.sec.gov/Archives/edgar/data/1640147/000164014722000044/snow-20220430.htm
SNOW,Snowflake Inc.,0001640147,10-K,2022-03-30,2022-01-31,0001640147-22-000023,https://www.sec.gov/Archives/edgar/data/1640147/000164014722000023/snow-20220131.htm
SNOW,Snowflake Inc.,0001640147,10-Q,2021-12-03,2021-10-31,0001640147-21-000271,https://www.sec.gov/Archives/edgar/data/1640147/000164014721000271/snow-20211031.htm
SNOW,Snowflake Inc.,0001640147,10-Q,2021-09-02,2021-07-31,0001640147-21-000212,https://www.sec.gov/Archives/edgar/data/1640147/000164014721000212/snow-20210731.htm
SNOW,Snowflake Inc.,0001640147,10-Q,2021-06-04,2021-04-30,0001640147-21-000122,https://www.sec.gov/Archives/edgar/data/1640147/000164014721000122/snow-20210430.htm
